{"cameraMode":{"drawMode":0,"name":"Shaded","section":"Shading Mode"},"sceneLighting":false,"audioPlay":false,"sceneViewState":{"m_AlwaysRefresh":false,"showFog":true,"showSkybox":false,"showFlares":true,"showImageEffects":true,"showParticleSystems":true,"showVisualEffectGraphs":true,"m_FxEnabled":true},"in2DMode":false,"pivot":{"x":-0.20538580417633058,"y":0.14620441198349,"z":-0.014579958282411099},"rotation":{"x":0.10298853367567063,"y":0.5684983134269714,"z":-0.07200988382101059,"w":0.8130495548248291},"size":0.1321772336959839,"orthographic":false}